Student_id,Study_program,Age_at_enrollment,Courses_passed_sem_2,Tuition_paid_up,Dropout_probability,Risk_level,Prediction
1558,Management,18,0,1,0.9988,High,Dropout
2240,Veterinary Nursing,25,0,0,0.996,High,Dropout
3078,Informatics Engineering,27,0,0,0.9954,High,Dropout
855,Informatics Engineering,18,0,0,0.9951,High,Dropout
143,Management,22,0,0,0.9947,High,Dropout
929,Veterinary Nursing,28,0,1,0.9946,High,Dropout
2679,Agronomy,26,0,1,0.9942,High,Dropout
764,Management,40,1,1,0.9941,High,Dropout
90,Informatics Engineering,18,0,1,0.994,High,Dropout
1249,Advertising and Marketing Management,21,1,1,0.9935,High,Dropout
1564,Equinculture,20,2,0,0.9932,High,Dropout
2361,Informatics Engineering,24,1,1,0.9931,High,Dropout
1243,Informatics Engineering,25,1,1,0.9931,High,Dropout
2795,Management (evening attendance),29,0,1,0.9922,High,Dropout
1988,Management (evening attendance),34,0,1,0.9917,High,Dropout
1862,Informatics Engineering,34,1,1,0.9917,High,Dropout
3500,Agronomy,27,0,1,0.9908,High,Dropout
1714,Veterinary Nursing,24,2,0,0.9904,High,Dropout
167,Agronomy,47,0,1,0.99,High,Dropout
506,Nursing,27,3,1,0.99,High,Dropout
2327,Informatics Engineering,19,1,1,0.9896,High,Dropout
943,Social Service,31,0,1,0.9895,High,Dropout
1770,Management,32,3,1,0.9881,High,Dropout
2759,Agronomy,23,0,1,0.9881,High,Dropout
65,Communication Design,24,0,1,0.9881,High,Dropout
3336,Journalism and Communication,21,1,1,0.9881,High,Dropout
3926,Management,23,0,1,0.9875,High,Dropout
4181,Basic Education,18,3,1,0.9875,High,Dropout
3721,Agronomy,19,0,1,0.9871,High,Dropout
3413,Management,18,0,1,0.9868,High,Dropout
2301,Informatics Engineering,23,1,1,0.9866,High,Dropout
970,Informatics Engineering,24,2,1,0.9865,High,Dropout
976,Informatics Engineering,18,3,0,0.9865,High,Dropout
71,Management,18,0,1,0.9864,High,Dropout
2705,Advertising and Marketing Management,19,0,1,0.9859,High,Dropout
4414,Biofuel Production Technologies,25,2,1,0.9857,High,Dropout
2588,Management,24,1,1,0.9855,High,Dropout
2595,Management,23,1,1,0.9851,High,Dropout
3897,Communication Design,22,0,1,0.985,High,Dropout
2555,Informatics Engineering,18,3,1,0.9848,High,Dropout
1569,Oral Hygiene,19,2,1,0.9847,High,Dropout
1823,Management,19,0,1,0.9845,High,Dropout
4282,Veterinary Nursing,21,0,1,0.9843,High,Dropout
4312,Informatics Engineering,18,1,1,0.9841,High,Dropout
2516,Informatics Engineering,20,1,1,0.9839,High,Dropout
2783,Journalism and Communication,23,2,1,0.9838,High,Dropout
3561,Nursing,33,0,1,0.9834,High,Dropout
2258,Agronomy,20,2,1,0.9833,High,Dropout
192,Social Service (evening attendance),23,1,1,0.9832,High,Dropout
559,Tourism,23,3,1,0.9827,High,Dropout
2689,Informatics Engineering,20,0,1,0.9824,High,Dropout
4025,Oral Hygiene,20,2,1,0.9822,High,Dropout
2364,Informatics Engineering,22,2,1,0.9817,High,Dropout
2968,Nursing,18,0,1,0.9817,High,Dropout
1969,Basic Education,18,3,1,0.9816,High,Dropout
4173,Management,18,1,1,0.9815,High,Dropout
3479,Social Service,28,1,1,0.9812,High,Dropout
838,Oral Hygiene,23,2,1,0.981,High,Dropout
3934,Management,19,2,1,0.9804,High,Dropout
2717,Oral Hygiene,26,0,1,0.9802,High,Dropout
4186,Management (evening attendance),20,0,1,0.9802,High,Dropout
3574,Informatics Engineering,18,0,1,0.9799,High,Dropout
3151,Equinculture,20,2,1,0.9799,High,Dropout
2185,Social Service,19,2,1,0.9798,High,Dropout
3825,Informatics Engineering,18,1,1,0.9797,High,Dropout
254,Journalism and Communication,18,0,1,0.9796,High,Dropout
2922,Social Service (evening attendance),34,0,1,0.9796,High,Dropout
3329,Informatics Engineering,34,2,1,0.9794,High,Dropout
3633,Social Service,21,2,1,0.9792,High,Dropout
1681,Informatics Engineering,19,2,1,0.9791,High,Dropout
1459,Advertising and Marketing Management,19,1,1,0.9775,High,Dropout
1437,Informatics Engineering,19,2,1,0.9774,High,Dropout
1754,Informatics Engineering,20,2,1,0.9767,High,Dropout
3545,Management (evening attendance),38,3,1,0.9766,High,Dropout
359,Agronomy,30,0,1,0.9763,High,Dropout
3591,Management,19,0,1,0.9763,High,Dropout
2385,Informatics Engineering,20,0,1,0.9758,High,Dropout
1828,Veterinary Nursing,21,2,1,0.9757,High,Dropout
17,Social Service,18,2,1,0.9754,High,Dropout
4382,Social Service,20,0,1,0.9745,High,Dropout
2726,Equinculture,21,2,1,0.974,High,Dropout
33,Management,18,2,0,0.9737,High,Dropout
4149,Management,20,2,1,0.9735,High,Dropout
2564,Social Service,20,0,1,0.9733,High,Dropout
391,Veterinary Nursing,21,1,1,0.9731,High,Dropout
2845,Management (evening attendance),50,3,1,0.9717,High,Dropout
1784,Management,19,2,1,0.9714,High,Dropout
3716,Management,20,2,1,0.9713,High,Dropout
3611,Informatics Engineering,19,3,1,0.9713,High,Dropout
2489,Management,20,2,1,0.9707,High,Dropout
442,Equinculture,18,3,1,0.97,High,Dropout
2458,Management,27,1,1,0.97,High,Dropout
511,Communication Design,18,0,1,0.9697,High,Dropout
964,Informatics Engineering,18,2,1,0.9696,High,Dropout
428,Management,20,2,1,0.9693,High,Dropout
2930,Nursing,19,1,1,0.9689,High,Dropout
3626,Social Service,20,1,1,0.9672,High,Dropout
64,Communication Design,19,1,1,0.9663,High,Dropout
931,Management,18,2,1,0.9661,High,Dropout
2834,Advertising and Marketing Management,22,2,1,0.966,High,Dropout
2194,Informatics Engineering,18,3,1,0.9636,High,Dropout
836,Informatics Engineering,18,2,1,0.9633,High,Dropout
806,Management,20,3,1,0.9632,High,Dropout
3780,Oral Hygiene,25,3,1,0.9632,High,Dropout
1718,Nursing,33,1,1,0.9627,High,Dropout
1114,Management (evening attendance),25,3,1,0.9627,High,Dropout
2237,Tourism,19,2,1,0.9607,High,Dropout
3326,Animation and Multimedia Design,19,2,1,0.9606,High,Dropout
657,Social Service,18,2,1,0.9599,High,Dropout
2841,Veterinary Nursing,25,2,1,0.9597,High,Dropout
1897,Veterinary Nursing,21,2,1,0.9597,High,Dropout
1300,Tourism,26,3,1,0.9587,High,Dropout
4407,Communication Design,20,2,1,0.9586,High,Dropout
1534,Informatics Engineering,30,3,1,0.9583,High,Dropout
925,Management (evening attendance),37,3,1,0.9581,High,Dropout
3938,Tourism,22,2,1,0.9579,High,Dropout
1962,Nursing,20,0,1,0.9575,High,Dropout
3357,Informatics Engineering,20,3,1,0.9575,High,Dropout
1475,Informatics Engineering,20,2,1,0.9572,High,Dropout
1531,Agronomy,39,3,1,0.957,High,Dropout
4296,Agronomy,28,6,1,0.9569,High,Dropout
3344,Informatics Engineering,19,2,1,0.9561,High,Dropout
2435,Veterinary Nursing,21,3,1,0.9555,High,Dropout
642,Management,18,2,1,0.9552,High,Dropout
3690,Equinculture,33,3,1,0.9549,High,Dropout
4336,Management,21,2,1,0.9546,High,Dropout
1885,Nursing,48,3,1,0.9546,High,Dropout
4236,Social Service,22,3,1,0.9538,High,Dropout
3367,Management (evening attendance),26,3,1,0.9536,High,Dropout
647,Social Service,21,1,1,0.9532,High,Dropout
46,Management (evening attendance),24,3,1,0.9528,High,Dropout
2289,Informatics Engineering,19,2,1,0.9518,High,Dropout
2765,Management (evening attendance),25,3,1,0.9516,High,Dropout
3968,Nursing,20,0,1,0.9509,High,Dropout
3833,Communication Design,34,7,1,0.9508,High,Dropout
1593,Management,18,2,1,0.9505,High,Dropout
1706,Informatics Engineering,18,3,1,0.9505,High,Dropout
2396,Journalism and Communication,22,3,1,0.9502,High,Dropout
1327,Veterinary Nursing,21,2,1,0.9499,High,Dropout
2248,Nursing,21,0,1,0.9494,High,Dropout
3698,Tourism,19,2,1,0.9494,High,Dropout
3512,Equinculture,20,2,1,0.9491,High,Dropout
527,Informatics Engineering,24,3,1,0.9484,High,Dropout
3821,Agronomy,22,2,1,0.9479,High,Dropout
3779,Veterinary Nursing,23,2,1,0.9462,High,Dropout
2243,Informatics Engineering,19,2,1,0.9456,High,Dropout
345,Management,26,2,1,0.9452,High,Dropout
4337,Journalism and Communication,20,1,1,0.943,High,Dropout
3160,Communication Design,20,2,1,0.9425,High,Dropout
3738,Tourism,21,2,1,0.9412,High,Dropout
1923,Basic Education,18,3,1,0.9411,High,Dropout
3524,Advertising and Marketing Management,21,3,1,0.9411,High,Dropout
3584,Management,19,5,0,0.9411,High,Dropout
2556,Informatics Engineering,18,2,1,0.9386,High,Dropout
2208,Management,22,3,1,0.9384,High,Dropout
4171,Basic Education,20,3,1,0.9379,High,Dropout
2698,Advertising and Marketing Management,21,4,0,0.9379,High,Dropout
402,Tourism,20,3,1,0.9361,High,Dropout
1269,Management (evening attendance),23,5,1,0.9358,High,Dropout
2471,Equinculture,19,2,1,0.934,High,Dropout
4148,Veterinary Nursing,44,2,0,0.9332,High,Dropout
1325,Management,18,2,1,0.9332,High,Dropout
441,Oral Hygiene,18,1,1,0.9328,High,Dropout
4276,Informatics Engineering,18,3,1,0.9323,High,Dropout
2434,Informatics Engineering,18,3,1,0.9323,High,Dropout
1658,Veterinary Nursing,20,2,1,0.9315,High,Dropout
3467,Management,20,2,1,0.9308,High,Dropout
4199,Basic Education,22,4,1,0.9302,High,Dropout
153,Basic Education,18,5,1,0.9302,High,Dropout
998,Veterinary Nursing,22,2,1,0.9299,High,Dropout
392,Nursing,26,5,1,0.9298,High,Dropout
2109,Veterinary Nursing,18,3,1,0.9292,High,Dropout
3052,Management,19,3,1,0.9291,High,Dropout
3385,Veterinary Nursing,19,3,1,0.9226,High,Dropout
2451,Animation and Multimedia Design,18,0,0,0.9223,High,Dropout
2820,Journalism and Communication,18,3,1,0.9221,High,Dropout
2146,Equinculture,18,5,0,0.9216,High,Dropout
2242,Management (evening attendance),37,3,1,0.9207,High,Dropout
380,Veterinary Nursing,21,2,1,0.9205,High,Dropout
3342,Advertising and Marketing Management,20,4,0,0.92,High,Dropout
1821,Veterinary Nursing,19,3,0,0.9182,High,Dropout
1742,Tourism,19,2,1,0.918,High,Dropout
2602,Tourism,22,3,1,0.9162,High,Dropout
1428,Tourism,19,2,1,0.916,High,Dropout
2342,Informatics Engineering,18,3,1,0.9158,High,Dropout
547,Informatics Engineering,25,2,1,0.9148,High,Dropout
4270,Communication Design,18,1,1,0.9115,High,Dropout
2393,Management,18,3,1,0.9113,High,Dropout
1921,Veterinary Nursing,20,2,1,0.9111,High,Dropout
1896,Communication Design,19,3,1,0.9095,High,Dropout
503,Communication Design,18,4,0,0.909,High,Dropout
3516,Journalism and Communication,23,4,1,0.9068,High,Dropout
1957,Social Service,18,2,1,0.9063,High,Dropout
2467,Informatics Engineering,18,1,1,0.9051,High,Dropout
652,Veterinary Nursing,23,6,0,0.8986,High,Dropout
3193,Management,21,3,1,0.8972,High,Dropout
383,Social Service,19,3,1,0.8966,High,Dropout
187,Social Service,21,4,0,0.8961,High,Dropout
557,Management,20,3,1,0.8941,High,Dropout
3340,Advertising and Marketing Management,24,4,1,0.894,High,Dropout
2303,Management,22,2,1,0.8935,High,Dropout
3842,Social Service,20,3,1,0.8915,High,Dropout
3452,Nursing,28,5,1,0.8912,High,Dropout
4274,Veterinary Nursing,18,3,1,0.891,High,Dropout
2036,Nursing,22,4,1,0.8896,High,Dropout
2723,Veterinary Nursing,21,3,1,0.8891,High,Dropout
909,Social Service,20,3,1,0.8885,High,Dropout
643,Management,18,3,1,0.8882,High,Dropout
1103,Basic Education,18,4,1,0.8881,High,Dropout
2279,Communication Design,19,3,1,0.8881,High,Dropout
2367,Animation and Multimedia Design,23,11,1,0.8862,High,Dropout
3156,Management,18,3,1,0.8853,High,Dropout
4012,Management,19,3,1,0.8831,High,Dropout
2734,Social Service,18,3,1,0.8818,High,Dropout
1065,Basic Education,18,4,1,0.8788,High,Dropout
3462,Nursing,38,5,1,0.8784,High,Dropout
1751,Agronomy,21,4,1,0.8781,High,Dropout
2106,Nursing,18,2,1,0.8779,High,Dropout
3597,Agronomy,22,3,1,0.8772,High,Dropout
1850,Tourism,19,4,1,0.8766,High,Dropout
1971,Social Service,20,3,1,0.8761,High,Dropout
3074,Informatics Engineering,33,3,1,0.8747,High,Dropout
833,Equinculture,21,2,1,0.8746,High,Dropout
2491,Journalism and Communication,20,4,1,0.8727,High,Dropout
4398,Basic Education,21,3,1,0.8698,High,Dropout
4286,Management,22,3,1,0.8694,High,Dropout
3908,Social Service,22,3,1,0.8692,High,Dropout
3919,Advertising and Marketing Management,20,3,1,0.8685,High,Dropout
2223,Informatics Engineering,18,3,1,0.8683,High,Dropout
403,Journalism and Communication,19,3,1,0.8669,High,Dropout
3900,Management,33,5,1,0.8647,High,Dropout
2536,Basic Education,19,4,1,0.8636,High,Dropout
2111,Veterinary Nursing,19,3,1,0.861,High,Dropout
1588,Informatics Engineering,21,3,1,0.8561,High,Dropout
325,Veterinary Nursing,19,3,1,0.8559,High,Dropout
1682,Journalism and Communication,19,3,1,0.8555,High,Dropout
3604,Informatics Engineering,18,3,1,0.8535,High,Dropout
3438,Management (evening attendance),29,9,1,0.8533,High,Dropout
118,Management,20,3,1,0.8527,High,Dropout
1330,Veterinary Nursing,18,3,1,0.8525,High,Dropout
2239,Equinculture,24,3,1,0.8511,High,Dropout
2512,Nursing,18,5,1,0.8495,High,Dropout
2686,Informatics Engineering,20,3,1,0.8486,High,Dropout
4065,Animation and Multimedia Design,22,11,1,0.8482,High,Dropout
1809,Informatics Engineering,18,4,0,0.845,High,Dropout
2987,Basic Education,20,4,1,0.8445,High,Dropout
2387,Journalism and Communication,22,3,1,0.8439,High,Dropout
2198,Communication Design,19,4,1,0.8439,High,Dropout
562,Equinculture,20,3,1,0.8404,High,Dropout
808,Equinculture,23,4,0,0.8379,High,Dropout
3902,Tourism,20,3,1,0.8367,High,Dropout
2763,Social Service (evening attendance),26,3,1,0.8333,High,Dropout
4193,Basic Education,22,5,1,0.8247,High,Dropout
1603,Tourism,18,3,1,0.8207,High,Dropout
2559,Management,19,2,1,0.8192,High,Dropout
546,Management,20,3,1,0.8191,High,Dropout
548,Advertising and Marketing Management,22,2,1,0.8152,High,Dropout
2545,Agronomy,19,4,1,0.8148,High,Dropout
1390,Veterinary Nursing,21,3,1,0.8141,High,Dropout
1153,Management,19,3,1,0.8088,High,Dropout
3219,Social Service (evening attendance),23,7,1,0.8082,High,Dropout
96,Informatics Engineering,19,3,1,0.8081,High,Dropout
1334,Social Service,20,4,1,0.808,High,Dropout
1547,Journalism and Communication,18,5,0,0.8019,High,Dropout
2773,Nursing,19,5,1,0.8009,High,Dropout
1955,Nursing,17,5,1,0.8003,High,Dropout
2587,Management,21,3,1,0.8001,High,Dropout
678,Basic Education,18,4,1,0.7948,High,Dropout
3120,Veterinary Nursing,21,3,1,0.7942,High,Dropout
2282,Agronomy,21,4,1,0.7883,High,Dropout
3395,Management,19,3,1,0.7863,High,Dropout
2492,Management,19,2,1,0.7858,High,Dropout
2369,Journalism and Communication,29,5,0,0.7846,High,Dropout
2209,Management,22,3,1,0.7837,High,Dropout
4082,Veterinary Nursing,21,4,1,0.7819,High,Dropout
1772,Management,24,4,1,0.7782,High,Dropout
2375,Equinculture,24,3,1,0.7765,High,Dropout
53,Journalism and Communication,20,3,1,0.7754,High,Dropout
341,Veterinary Nursing,19,3,1,0.7723,High,Dropout
1133,Management,19,3,1,0.7716,High,Dropout
2760,Agronomy,20,4,1,0.7714,High,Dropout
2481,Animation and Multimedia Design,22,0,1,0.7714,High,Dropout
3647,Veterinary Nursing,26,4,1,0.7693,High,Dropout
542,Management,20,2,1,0.7685,High,Dropout
112,Management,18,3,1,0.7683,High,Dropout
1860,Management (evening attendance),27,2,1,0.7661,High,Dropout
2373,Animation and Multimedia Design,22,0,1,0.7658,High,Dropout
2213,Informatics Engineering,19,3,1,0.7652,High,Dropout
3379,Management,19,3,1,0.7646,High,Dropout
1414,Journalism and Communication,19,3,1,0.7646,High,Dropout
531,Management,19,3,1,0.754,High,Dropout
2696,Nursing,30,6,1,0.7533,High,Dropout
1960,Veterinary Nursing,24,6,0,0.7519,High,Dropout
2442,Social Service (evening attendance),39,3,1,0.7514,High,Dropout
1504,Nursing,35,5,1,0.7514,High,Dropout
842,Management,22,4,0,0.7505,High,Dropout
3786,Agronomy,20,3,1,0.7496,High,Dropout
3610,Animation and Multimedia Design,19,0,1,0.7484,High,Dropout
1838,Nursing,39,5,1,0.7482,High,Dropout
2592,Basic Education,22,6,0,0.7465,High,Dropout
1230,Veterinary Nursing,21,5,1,0.7432,High,Dropout
2347,Advertising and Marketing Management,19,4,1,0.7431,High,Dropout
3544,Veterinary Nursing,19,5,0,0.7398,High,Dropout
1336,Basic Education,19,5,1,0.7384,High,Dropout
2069,Basic Education,19,5,1,0.7384,High,Dropout
494,Veterinary Nursing,22,4,1,0.7376,High,Dropout
3427,Management,24,2,1,0.7363,High,Dropout
110,Basic Education,20,3,1,0.7346,High,Dropout
1040,Basic Education,18,5,1,0.7337,High,Dropout
1775,Tourism,19,3,1,0.7305,High,Dropout
701,Veterinary Nursing,20,3,0,0.7303,High,Dropout
592,Nursing,19,5,1,0.7299,High,Dropout
1757,Animation and Multimedia Design,19,10,1,0.7267,High,Dropout
656,Social Service,19,3,1,0.7186,High,Dropout
1582,Communication Design,18,4,1,0.7181,High,Dropout
2568,Social Service (evening attendance),26,5,1,0.7163,High,Dropout
306,Advertising and Marketing Management,19,4,1,0.7124,High,Dropout
484,Veterinary Nursing,20,2,1,0.7118,High,Dropout
1104,Management,21,7,1,0.7107,High,Dropout
4321,Management,21,4,1,0.7088,High,Dropout
2120,Animation and Multimedia Design,18,0,1,0.7068,High,Dropout
2671,Informatics Engineering,18,5,1,0.7064,High,Dropout
1338,Management,19,4,0,0.7016,High,Dropout
3895,Nursing,21,5,1,0.6925,High,Dropout
852,Basic Education,22,4,1,0.6893,High,Dropout
1090,Animation and Multimedia Design,18,0,1,0.6887,High,Dropout
60,Animation and Multimedia Design,18,0,1,0.6865,High,Dropout
3212,Animation and Multimedia Design,18,0,1,0.6856,High,Dropout
1689,Animation and Multimedia Design,20,0,1,0.6856,High,Dropout
638,Management (evening attendance),27,4,1,0.6803,High,Dropout
3228,Veterinary Nursing,23,4,1,0.6794,High,Dropout
1786,Management,25,4,1,0.6779,High,Dropout
2384,Agronomy,21,9,1,0.6736,High,Dropout
3608,Animation and Multimedia Design,22,0,1,0.6732,High,Dropout
2446,Nursing,34,4,1,0.6696,High,Dropout
3140,Basic Education,19,4,1,0.6687,High,Dropout
2266,Veterinary Nursing,21,4,0,0.6672,High,Dropout
2413,Management (evening attendance),43,4,1,0.6602,High,Dropout
3195,Management (evening attendance),24,9,1,0.6588,High,Dropout
775,Veterinary Nursing,19,4,1,0.6572,High,Dropout
3068,Nursing,19,5,1,0.6551,High,Dropout
2028,Animation and Multimedia Design,17,0,1,0.6548,High,Dropout
646,Management,19,3,1,0.6505,High,Dropout
2729,Veterinary Nursing,26,5,0,0.649,High,Dropout
4162,Tourism,18,5,0,0.6434,High,Dropout
2825,Nursing,19,5,1,0.6431,High,Dropout
3941,Management,36,4,1,0.6416,High,Dropout
2025,Management (evening attendance),34,4,1,0.6416,High,Dropout
3241,Management (evening attendance),30,5,1,0.6409,High,Dropout
1774,Agronomy,25,4,1,0.6352,High,Dropout
3464,Basic Education,19,5,1,0.6323,High,Dropout
2322,Communication Design,38,4,1,0.6318,High,Dropout
3936,Tourism,19,4,1,0.6314,High,Dropout
3638,Basic Education,33,6,0,0.6302,High,Dropout
2235,Tourism,18,4,1,0.6301,High,Dropout
1073,Basic Education,19,5,1,0.6271,High,Dropout
2058,Veterinary Nursing,20,2,1,0.6267,High,Dropout
331,Basic Education,18,6,1,0.6256,High,Dropout
4365,Social Service,18,4,1,0.6254,High,Dropout
1154,Nursing,19,5,1,0.6144,High,Dropout
365,Nursing,19,5,1,0.6144,High,Dropout
3551,Nursing,21,5,1,0.611,High,Dropout
4083,Tourism,19,4,1,0.6051,High,Dropout
3930,Agronomy,24,4,1,0.593,High,Dropout
3184,Informatics Engineering,28,4,1,0.5922,High,Dropout
698,Tourism,20,5,1,0.5915,High,Dropout
2674,Management (evening attendance),40,4,1,0.5874,High,Dropout
1349,Veterinary Nursing,23,8,0,0.5862,High,Dropout
549,Nursing,18,6,1,0.5854,High,Dropout
3076,Advertising and Marketing Management,20,5,1,0.5827,High,Dropout
1562,Equinculture,21,4,1,0.581,High,Dropout
242,Animation and Multimedia Design,24,9,1,0.5796,High,Dropout
1147,Animation and Multimedia Design,18,0,1,0.5777,High,Dropout
151,Animation and Multimedia Design,18,0,1,0.5666,High,Dropout
2687,Management,20,3,1,0.5658,High,Dropout
3285,Management (evening attendance),25,4,1,0.5644,High,Dropout
632,Basic Education,19,4,1,0.5605,High,Dropout
2197,Management,20,4,1,0.559,High,Dropout
2558,Animation and Multimedia Design,18,0,1,0.5515,High,Dropout
1536,Management (evening attendance),41,6,1,0.5499,High,Dropout
63,Animation and Multimedia Design,19,0,1,0.5498,High,Dropout
784,Nursing,18,6,1,0.5487,High,Dropout
4203,Animation and Multimedia Design,20,0,1,0.5405,High,Dropout
329,Basic Education,18,5,1,0.5401,High,Dropout
2600,Basic Education,18,5,1,0.537,High,Dropout
730,Advertising and Marketing Management,18,5,1,0.5369,High,Dropout
1881,Informatics Engineering,41,6,1,0.536,High,Dropout
1753,Communication Design,20,4,1,0.5359,High,Dropout
4355,Management (evening attendance),30,4,1,0.535,High,Dropout
2265,Basic Education,42,5,1,0.5343,High,Dropout
4232,Management (evening attendance),25,4,1,0.5309,High,Dropout
389,Basic Education,22,5,1,0.5276,High,Dropout
2599,Veterinary Nursing,21,4,1,0.5119,High,Dropout
2788,Advertising and Marketing Management,19,4,1,0.5105,High,Dropout
737,Journalism and Communication,32,6,1,0.5074,High,Dropout
594,Advertising and Marketing Management,20,4,1,0.5073,High,Dropout
3397,Management,18,4,1,0.5067,High,Dropout
1083,Communication Design,21,4,1,0.5043,High,Dropout
1595,Management,19,4,1,0.5021,High,Dropout
1472,Agronomy,20,5,1,0.5014,High,Dropout
2157,Animation and Multimedia Design,18,0,1,0.4991,High,Dropout
3159,Tourism,21,3,1,0.4954,High,Dropout
1279,Social Service (evening attendance),24,4,1,0.4952,High,Dropout
801,Communication Design,22,4,0,0.4948,High,Dropout
2873,Management (evening attendance),28,9,1,0.4902,High,Dropout
2939,Management (evening attendance),34,4,1,0.4899,Medium,Graduate
1929,Communication Design,18,5,0,0.489,Medium,Graduate
2152,Veterinary Nursing,21,5,1,0.4875,Medium,Graduate
3203,Journalism and Communication,20,3,1,0.4817,Medium,Graduate
4154,Animation and Multimedia Design,19,0,1,0.4817,Medium,Graduate
3617,Informatics Engineering,18,5,0,0.4777,Medium,Graduate
3092,Basic Education,20,5,1,0.4744,Medium,Graduate
1121,Social Service,24,5,1,0.4729,Medium,Graduate
2107,Communication Design,18,4,1,0.4722,Medium,Graduate
3841,Tourism,19,3,1,0.4689,Medium,Graduate
84,Tourism,18,3,1,0.4679,Medium,Graduate
363,Management,20,4,1,0.4646,Medium,Graduate
800,Basic Education,18,4,1,0.4572,Medium,Graduate
2191,Animation and Multimedia Design,18,0,1,0.4542,Medium,Graduate
3407,Basic Education,19,5,1,0.451,Medium,Graduate
1909,Basic Education,19,5,1,0.4489,Medium,Graduate
3180,Nursing,19,5,1,0.4462,Medium,Graduate
171,Veterinary Nursing,28,4,1,0.4441,Medium,Graduate
2833,Agronomy,34,6,0,0.444,Medium,Graduate
816,Management,21,3,1,0.4438,Medium,Graduate
1032,Basic Education,18,4,1,0.4429,Medium,Graduate
3330,Management,21,3,1,0.4399,Medium,Graduate
4187,Veterinary Nursing,19,4,1,0.4377,Medium,Graduate
2878,Social Service (evening attendance),49,4,1,0.436,Medium,Graduate
3047,Veterinary Nursing,19,4,1,0.4355,Medium,Graduate
3086,Management,33,4,1,0.4334,Medium,Graduate
4267,Animation and Multimedia Design,21,0,1,0.4321,Medium,Graduate
2092,Veterinary Nursing,21,3,1,0.4288,Medium,Graduate
3925,Animation and Multimedia Design,21,9,1,0.4271,Medium,Graduate
610,Nursing,18,5,1,0.427,Medium,Graduate
1401,Animation and Multimedia Design,18,0,1,0.4244,Medium,Graduate
1429,Social Service,21,4,1,0.4239,Medium,Graduate
2722,Management,19,4,1,0.4219,Medium,Graduate
3744,Veterinary Nursing,28,4,1,0.4218,Medium,Graduate
1807,Informatics Engineering,19,3,1,0.4166,Medium,Graduate
1315,Advertising and Marketing Management,18,3,1,0.4146,Medium,Graduate
3660,Veterinary Nursing,20,4,1,0.4145,Medium,Graduate
2304,Informatics Engineering,19,5,1,0.4118,Medium,Graduate
3759,Veterinary Nursing,20,4,1,0.4099,Medium,Graduate
1463,Advertising and Marketing Management,19,4,1,0.4055,Medium,Graduate
3811,Nursing,18,5,1,0.4047,Medium,Graduate
1795,Nursing,21,6,1,0.4035,Medium,Graduate
1771,Basic Education,23,5,1,0.4028,Medium,Graduate
1671,Management (evening attendance),25,4,1,0.4002,Medium,Graduate
819,Nursing,20,7,0,0.3952,Medium,Graduate
1822,Nursing,19,5,1,0.3938,Medium,Graduate
2990,Tourism,18,5,1,0.3922,Medium,Graduate
1468,Informatics Engineering,21,4,1,0.3915,Medium,Graduate
347,Social Service,36,9,1,0.3902,Medium,Graduate
4117,Veterinary Nursing,18,6,0,0.3879,Medium,Graduate
3135,Nursing,18,5,1,0.3834,Medium,Graduate
2860,Social Service (evening attendance),48,4,1,0.3822,Medium,Graduate
4235,Management,20,4,1,0.3779,Medium,Graduate
2590,Basic Education,18,5,1,0.3685,Medium,Graduate
984,Management (evening attendance),34,4,1,0.3681,Medium,Graduate
620,Veterinary Nursing,19,4,1,0.3675,Medium,Graduate
3442,Advertising and Marketing Management,19,5,1,0.3596,Medium,Graduate
1979,Veterinary Nursing,20,3,1,0.3594,Medium,Graduate
4116,Communication Design,20,3,1,0.3583,Medium,Graduate
1089,Basic Education,18,6,1,0.3561,Medium,Graduate
3702,Management,21,3,1,0.356,Medium,Graduate
1711,Management (evening attendance),31,7,1,0.3549,Medium,Graduate
4133,Veterinary Nursing,21,8,1,0.3545,Medium,Graduate
762,Animation and Multimedia Design,20,0,1,0.3544,Medium,Graduate
1580,Animation and Multimedia Design,18,0,1,0.3533,Medium,Graduate
1756,Informatics Engineering,18,5,0,0.3529,Medium,Graduate
1728,Equinculture,20,4,1,0.3507,Medium,Graduate
1525,Animation and Multimedia Design,18,0,1,0.3489,Medium,Graduate
3313,Communication Design,31,6,1,0.3484,Medium,Graduate
3557,Tourism,25,4,1,0.3477,Medium,Graduate
4344,Nursing,18,6,1,0.3474,Medium,Graduate
1844,Management,20,5,1,0.3462,Medium,Graduate
4258,Advertising and Marketing Management,21,4,1,0.3436,Medium,Graduate
4178,Veterinary Nursing,27,5,1,0.3427,Medium,Graduate
117,Social Service,20,4,1,0.341,Medium,Graduate
1578,Management (evening attendance),28,4,1,0.3402,Medium,Graduate
2953,Advertising and Marketing Management,35,3,1,0.3394,Medium,Graduate
2810,Nursing,19,6,1,0.3377,Medium,Graduate
1606,Agronomy,20,8,1,0.3364,Medium,Graduate
2777,Animation and Multimedia Design,18,0,1,0.336,Medium,Graduate
1255,Veterinary Nursing,19,4,1,0.332,Medium,Graduate
1993,Social Service (evening attendance),25,4,1,0.3299,Medium,Graduate
1162,Nursing,32,7,1,0.3294,Medium,Graduate
3769,Basic Education,23,5,1,0.3246,Medium,Graduate
3652,Advertising and Marketing Management,21,4,1,0.3225,Medium,Graduate
2365,Agronomy,19,4,1,0.3203,Medium,Graduate
1596,Advertising and Marketing Management,19,4,1,0.3195,Medium,Graduate
2216,Journalism and Communication,19,8,1,0.3182,Medium,Graduate
128,Basic Education,18,5,1,0.3179,Medium,Graduate
3008,Management,19,4,1,0.3178,Medium,Graduate
3469,Management (evening attendance),29,4,1,0.3175,Medium,Graduate
2973,Veterinary Nursing,18,4,1,0.3171,Medium,Graduate
350,Social Service (evening attendance),20,4,1,0.3165,Medium,Graduate
739,Animation and Multimedia Design,19,10,1,0.3152,Medium,Graduate
2747,Nursing,20,6,1,0.3143,Medium,Graduate
437,Tourism,20,6,1,0.3142,Medium,Graduate
2584,Management (evening attendance),26,4,1,0.3129,Medium,Graduate
379,Basic Education,18,6,0,0.3123,Medium,Graduate
1512,Management (evening attendance),47,4,1,0.3073,Medium,Graduate
3555,Advertising and Marketing Management,19,5,1,0.3043,Medium,Graduate
1142,Management,19,3,1,0.3036,Medium,Graduate
2882,Social Service,22,5,1,0.2997,Medium,Graduate
3123,Advertising and Marketing Management,19,4,1,0.2976,Medium,Graduate
1317,Veterinary Nursing,19,4,1,0.2967,Medium,Graduate
3127,Social Service,21,3,1,0.2955,Medium,Graduate
2676,Tourism,27,4,1,0.2938,Medium,Graduate
465,Social Service,20,4,1,0.2934,Medium,Graduate
3232,Management,39,4,1,0.2933,Medium,Graduate
3238,Advertising and Marketing Management,22,4,1,0.2877,Medium,Graduate
368,Veterinary Nursing,19,5,1,0.2877,Medium,Graduate
3416,Nursing,20,6,1,0.2863,Medium,Graduate
3903,Management,35,4,1,0.2855,Medium,Graduate
1660,Animation and Multimedia Design,20,0,1,0.2817,Medium,Graduate
1894,Animation and Multimedia Design,18,0,1,0.2817,Medium,Graduate
4127,Veterinary Nursing,19,4,1,0.2797,Medium,Graduate
1119,Oral Hygiene,25,5,1,0.2787,Medium,Graduate
3543,Management (evening attendance),39,4,1,0.2776,Medium,Graduate
3737,Informatics Engineering,24,4,1,0.2706,Medium,Graduate
4322,Management (evening attendance),28,4,1,0.2702,Medium,Graduate
1465,Tourism,20,5,1,0.2662,Medium,Graduate
1422,Management,19,3,1,0.2659,Medium,Graduate
4413,Communication Design,19,5,1,0.2644,Medium,Graduate
1734,Social Service (evening attendance),44,9,1,0.2632,Medium,Graduate
874,Oral Hygiene,21,6,1,0.2632,Medium,Graduate
719,Management (evening attendance),37,5,1,0.263,Medium,Graduate
1408,Journalism and Communication,19,5,1,0.2615,Medium,Graduate
401,Communication Design,18,4,1,0.2612,Medium,Graduate
1990,Advertising and Marketing Management,18,5,1,0.2607,Medium,Graduate
3742,Informatics Engineering,28,5,1,0.2597,Medium,Graduate
545,Informatics Engineering,18,5,1,0.2583,Medium,Graduate
2302,Communication Design,18,5,1,0.2503,Medium,Graduate
1561,Biofuel Production Technologies,20,4,1,0.2462,Low,Graduate
2651,Nursing,20,8,1,0.2399,Low,Graduate
1185,Nursing,19,6,1,0.2394,Low,Graduate
3980,Journalism and Communication,40,5,1,0.2385,Low,Graduate
2285,Communication Design,20,4,1,0.238,Low,Graduate
4038,Social Service,21,5,1,0.2347,Low,Graduate
574,Management,20,5,1,0.2345,Low,Graduate
3832,Advertising and Marketing Management,19,5,1,0.2308,Low,Graduate
1597,Nursing,22,6,1,0.2247,Low,Graduate
70,Tourism,26,5,1,0.2215,Low,Graduate
2206,Informatics Engineering,20,6,1,0.2211,Low,Graduate
4144,Oral Hygiene,24,7,1,0.2204,Low,Graduate
1519,Animation and Multimedia Design,20,0,1,0.2182,Low,Graduate
1458,Nursing,18,6,1,0.2177,Low,Graduate
26,Social Service,18,4,1,0.2177,Low,Graduate
4089,Management (evening attendance),33,9,1,0.2171,Low,Graduate
2054,Nursing,19,6,1,0.2117,Low,Graduate
2569,Management,41,5,1,0.2116,Low,Graduate
2398,Journalism and Communication,19,5,1,0.209,Low,Graduate
693,Tourism,21,4,1,0.209,Low,Graduate
578,Management (evening attendance),28,5,1,0.2087,Low,Graduate
3071,Advertising and Marketing Management,20,4,1,0.2086,Low,Graduate
4172,Social Service,18,4,1,0.2076,Low,Graduate
2869,Management,41,5,1,0.2061,Low,Graduate
2635,Advertising and Marketing Management,20,4,1,0.204,Low,Graduate
4192,Veterinary Nursing,20,4,1,0.2018,Low,Graduate
3149,Management,20,4,1,0.1998,Low,Graduate
3595,Equinculture,19,5,1,0.1995,Low,Graduate
3297,Nursing,18,6,1,0.1995,Low,Graduate
2897,Management (evening attendance),40,5,1,0.1969,Low,Graduate
3615,Informatics Engineering,24,6,1,0.1966,Low,Graduate
4244,Communication Design,18,6,1,0.1955,Low,Graduate
939,Journalism and Communication,18,4,1,0.1953,Low,Graduate
3628,Journalism and Communication,18,5,1,0.193,Low,Graduate
31,Agronomy,21,5,1,0.1895,Low,Graduate
1968,Veterinary Nursing,18,5,1,0.1879,Low,Graduate
1471,Management,18,4,1,0.1867,Low,Graduate
2832,Management,18,4,1,0.1864,Low,Graduate
176,Advertising and Marketing Management,18,4,1,0.1863,Low,Graduate
320,Nursing,20,6,1,0.1857,Low,Graduate
3197,Agronomy,23,5,1,0.1849,Low,Graduate
2775,Nursing,19,7,1,0.1831,Low,Graduate
2778,Advertising and Marketing Management,19,5,1,0.182,Low,Graduate
4339,Advertising and Marketing Management,18,4,1,0.1806,Low,Graduate
4393,Management,18,5,1,0.1776,Low,Graduate
2187,Communication Design,18,5,1,0.1765,Low,Graduate
2131,Veterinary Nursing,18,4,1,0.1737,Low,Graduate
507,Biofuel Production Technologies,26,5,1,0.1733,Low,Graduate
899,Tourism,21,4,1,0.1723,Low,Graduate
501,Veterinary Nursing,20,5,1,0.1703,Low,Graduate
4374,Social Service,19,6,1,0.1691,Low,Graduate
3682,Management,26,5,1,0.1689,Low,Graduate
662,Nursing,19,6,1,0.168,Low,Graduate
2630,Management (evening attendance),28,5,1,0.1674,Low,Graduate
2838,Management,50,5,1,0.1668,Low,Graduate
20,Basic Education,18,6,1,0.1665,Low,Graduate
4058,Agronomy,22,4,1,0.1614,Low,Graduate
2196,Journalism and Communication,19,6,1,0.1606,Low,Graduate
3268,Management (evening attendance),35,5,1,0.1599,Low,Graduate
52,Nursing,19,6,1,0.1594,Low,Graduate
1433,Tourism,18,5,1,0.1592,Low,Graduate
3405,Management (evening attendance),32,4,1,0.1576,Low,Graduate
200,Nursing,35,3,1,0.156,Low,Graduate
4229,Social Service (evening attendance),45,5,1,0.1549,Low,Graduate
1920,Advertising and Marketing Management,20,5,1,0.1543,Low,Graduate
4275,Tourism,25,5,1,0.1542,Low,Graduate
1455,Informatics Engineering,20,4,1,0.1535,Low,Graduate
404,Tourism,19,4,1,0.1528,Low,Graduate
3530,Nursing,20,7,1,0.152,Low,Graduate
1145,Management,20,4,1,0.149,Low,Graduate
3666,Agronomy,43,5,1,0.1452,Low,Graduate
3148,Nursing,20,6,1,0.1447,Low,Graduate
3911,Journalism and Communication,20,5,1,0.1444,Low,Graduate
1781,Advertising and Marketing Management,21,5,1,0.1422,Low,Graduate
2340,Informatics Engineering,20,5,1,0.1415,Low,Graduate
595,Agronomy,20,5,1,0.1412,Low,Graduate
89,Management,23,5,1,0.1411,Low,Graduate
1488,Advertising and Marketing Management,25,5,1,0.1409,Low,Graduate
372,Management (evening attendance),31,4,1,0.1406,Low,Graduate
3891,Basic Education,21,6,1,0.1403,Low,Graduate
1609,Journalism and Communication,18,5,1,0.1373,Low,Graduate
1212,Social Service,20,5,1,0.1371,Low,Graduate
2420,Agronomy,24,5,1,0.1369,Low,Graduate
720,Advertising and Marketing Management,18,5,1,0.1348,Low,Graduate
3390,Social Service,21,5,1,0.1328,Low,Graduate
1507,Management (evening attendance),31,4,1,0.1321,Low,Graduate
3789,Agronomy,19,6,1,0.1301,Low,Graduate
3283,Management,30,9,1,0.1301,Low,Graduate
3701,Communication Design,18,5,1,0.1291,Low,Graduate
2762,Social Service (evening attendance),45,6,1,0.129,Low,Graduate
1602,Advertising and Marketing Management,21,4,1,0.1289,Low,Graduate
1587,Management,18,4,1,0.1288,Low,Graduate
4403,Basic Education,18,6,1,0.1278,Low,Graduate
2998,Management,20,4,1,0.1268,Low,Graduate
455,Management,19,4,1,0.1218,Low,Graduate
1208,Agronomy,37,6,1,0.1216,Low,Graduate
3411,Advertising and Marketing Management,19,4,1,0.1173,Low,Graduate
1291,Informatics Engineering,18,6,1,0.1167,Low,Graduate
251,Communication Design,19,5,1,0.116,Low,Graduate
1377,Management,18,4,1,0.1153,Low,Graduate
1816,Agronomy,24,6,1,0.1151,Low,Graduate
467,Basic Education,20,8,1,0.1149,Low,Graduate
928,Social Service (evening attendance),37,6,1,0.1134,Low,Graduate
1708,Management,19,4,1,0.1117,Low,Graduate
293,Agronomy,24,5,1,0.1113,Low,Graduate
1435,Nursing,18,6,1,0.1104,Low,Graduate
3274,Nursing,26,6,1,0.1103,Low,Graduate
1156,Management,19,4,1,0.1098,Low,Graduate
3888,Social Service,19,4,1,0.1091,Low,Graduate
2371,Agronomy,20,5,1,0.1079,Low,Graduate
4134,Tourism,18,5,1,0.1069,Low,Graduate
3402,Advertising and Marketing Management,20,5,1,0.1042,Low,Graduate
3314,Tourism,20,5,1,0.104,Low,Graduate
495,Basic Education,18,6,1,0.1038,Low,Graduate
4104,Management,19,4,1,0.1038,Low,Graduate
2101,Journalism and Communication,21,5,1,0.1029,Low,Graduate
1196,Basic Education,18,7,1,0.102,Low,Graduate
3360,Management,21,5,1,0.1,Low,Graduate
1666,Journalism and Communication,19,5,1,0.0997,Low,Graduate
1397,Equinculture,20,6,1,0.0992,Low,Graduate
4026,Management (evening attendance),38,5,1,0.0975,Low,Graduate
2647,Communication Design,26,7,1,0.0974,Low,Graduate
1149,Basic Education,18,6,1,0.0954,Low,Graduate
1287,Communication Design,20,5,1,0.0951,Low,Graduate
1694,Management,19,4,1,0.0945,Low,Graduate
2916,Social Service (evening attendance),48,5,1,0.0944,Low,Graduate
330,Veterinary Nursing,18,5,1,0.0942,Low,Graduate
982,Management (evening attendance),41,5,1,0.0931,Low,Graduate
1977,Nursing,19,7,1,0.0929,Low,Graduate
767,Equinculture,20,4,1,0.0915,Low,Graduate
1425,Equinculture,18,5,1,0.091,Low,Graduate
3784,Nursing,19,6,1,0.0885,Low,Graduate
1457,Management,20,4,1,0.0864,Low,Graduate
1738,Nursing,18,7,1,0.0863,Low,Graduate
3509,Management,18,4,1,0.086,Low,Graduate
1187,Nursing,45,10,1,0.086,Low,Graduate
3525,Management (evening attendance),34,5,1,0.0855,Low,Graduate
28,Veterinary Nursing,18,4,1,0.0854,Low,Graduate
4080,Advertising and Marketing Management,18,5,1,0.0852,Low,Graduate
1348,Nursing,19,7,1,0.0849,Low,Graduate
4392,Nursing,32,7,1,0.0835,Low,Graduate
1565,Veterinary Nursing,20,4,1,0.0835,Low,Graduate
2324,Nursing,27,7,1,0.0833,Low,Graduate
1356,Veterinary Nursing,20,5,1,0.083,Low,Graduate
3654,Veterinary Nursing,20,5,1,0.0828,Low,Graduate
376,Social Service (evening attendance),42,10,1,0.0824,Low,Graduate
3532,Agronomy,24,9,1,0.0816,Low,Graduate
4219,Journalism and Communication,18,6,1,0.0812,Low,Graduate
4125,Veterinary Nursing,19,5,1,0.0809,Low,Graduate
779,Basic Education,20,6,1,0.0802,Low,Graduate
22,Oral Hygiene,20,8,1,0.0793,Low,Graduate
2710,Oral Hygiene,25,7,1,0.0772,Low,Graduate
3114,Advertising and Marketing Management,19,5,1,0.0771,Low,Graduate
3042,Nursing,18,7,1,0.0763,Low,Graduate
1322,Basic Education,20,6,1,0.0762,Low,Graduate
2669,Nursing,43,7,1,0.0757,Low,Graduate
1499,Agronomy,28,6,1,0.0754,Low,Graduate
935,Nursing,34,7,1,0.0751,Low,Graduate
30,Nursing,19,6,1,0.0751,Low,Graduate
1174,Management (evening attendance),24,5,1,0.0743,Low,Graduate
480,Social Service,21,5,1,0.0741,Low,Graduate
1337,Nursing,27,6,1,0.0732,Low,Graduate
4238,Nursing,20,6,1,0.072,Low,Graduate
1768,Tourism,26,6,0,0.0719,Low,Graduate
4145,Oral Hygiene,22,8,1,0.0712,Low,Graduate
2901,Management (evening attendance),36,12,1,0.0704,Low,Graduate
773,Nursing,19,7,1,0.0702,Low,Graduate
4066,Social Service (evening attendance),20,5,1,0.07,Low,Graduate
139,Nursing,20,7,1,0.0698,Low,Graduate
3351,Social Service (evening attendance),26,6,1,0.0694,Low,Graduate
2247,Nursing,19,6,1,0.0694,Low,Graduate
2478,Tourism,23,5,1,0.0693,Low,Graduate
823,Veterinary Nursing,20,6,1,0.0688,Low,Graduate
810,Communication Design,20,6,1,0.0681,Low,Graduate
4370,Nursing,18,6,1,0.0677,Low,Graduate
1653,Management (evening attendance),27,5,1,0.067,Low,Graduate
3109,Journalism and Communication,18,6,1,0.0666,Low,Graduate
2876,Management,53,12,1,0.0663,Low,Graduate
2141,Nursing,18,7,1,0.066,Low,Graduate
241,Nursing,19,7,1,0.0654,Low,Graduate
938,Management (evening attendance),31,7,1,0.065,Low,Graduate
2942,Oral Hygiene,28,8,1,0.0647,Low,Graduate
4032,Animation and Multimedia Design,19,10,1,0.0645,Low,Graduate
3887,Tourism,20,5,1,0.0643,Low,Graduate
2537,Equinculture,19,5,1,0.0641,Low,Graduate
2621,Communication Design,29,10,1,0.0636,Low,Graduate
1505,Nursing,27,7,1,0.062,Low,Graduate
3816,Nursing,18,7,1,0.0607,Low,Graduate
3134,Nursing,21,8,1,0.0605,Low,Graduate
614,Management,20,5,1,0.0602,Low,Graduate
4167,Management (evening attendance),21,4,1,0.0585,Low,Graduate
2818,Management,19,4,1,0.0579,Low,Graduate
3027,Journalism and Communication,18,6,1,0.0575,Low,Graduate
2658,Basic Education,20,6,1,0.0575,Low,Graduate
2019,Tourism,21,5,1,0.0572,Low,Graduate
2374,Advertising and Marketing Management,20,6,1,0.057,Low,Graduate
1612,Veterinary Nursing,18,5,1,0.0568,Low,Graduate
216,Oral Hygiene,25,8,1,0.0565,Low,Graduate
1113,Nursing,20,6,1,0.0561,Low,Graduate
817,Communication Design,20,6,1,0.0556,Low,Graduate
583,Advertising and Marketing Management,19,6,1,0.0556,Low,Graduate
997,Nursing,20,6,1,0.0549,Low,Graduate
3592,Nursing,18,7,1,0.0544,Low,Graduate
3892,Advertising and Marketing Management,18,6,1,0.0532,Low,Graduate
4044,Nursing,18,7,1,0.0527,Low,Graduate
3559,Communication Design,19,6,1,0.0526,Low,Graduate
3001,Nursing,24,7,1,0.0519,Low,Graduate
4073,Social Service,31,6,1,0.0517,Low,Graduate
99,Veterinary Nursing,19,5,1,0.0506,Low,Graduate
2829,Communication Design,18,6,1,0.0505,Low,Graduate
450,Tourism,20,5,1,0.0501,Low,Graduate
4054,Communication Design,19,6,1,0.0489,Low,Graduate
2454,Animation and Multimedia Design,21,11,1,0.0489,Low,Graduate
3441,Oral Hygiene,19,7,1,0.0487,Low,Graduate
3295,Nursing,23,6,1,0.0481,Low,Graduate
3451,Management (evening attendance),24,5,1,0.0474,Low,Graduate
2808,Advertising and Marketing Management,18,6,1,0.0474,Low,Graduate
2628,Nursing,19,7,1,0.0473,Low,Graduate
2784,Social Service,20,6,1,0.0471,Low,Graduate
182,Management (evening attendance),26,6,1,0.0463,Low,Graduate
3294,Nursing,18,7,1,0.0462,Low,Graduate
3417,Journalism and Communication,19,6,1,0.0458,Low,Graduate
3099,Social Service,19,6,1,0.0457,Low,Graduate
3061,Journalism and Communication,19,6,1,0.0447,Low,Graduate
2534,Equinculture,18,6,1,0.0444,Low,Graduate
1271,Journalism and Communication,18,6,1,0.0439,Low,Graduate
644,Nursing,18,8,1,0.0427,Low,Graduate
2733,Nursing,20,7,1,0.0424,Low,Graduate
2629,Management,18,4,1,0.0422,Low,Graduate
1215,Nursing,18,7,1,0.0421,Low,Graduate
766,Management,20,5,1,0.0418,Low,Graduate
3155,Nursing,18,6,1,0.0418,Low,Graduate
4101,Oral Hygiene,20,8,1,0.0415,Low,Graduate
849,Veterinary Nursing,18,5,1,0.0413,Low,Graduate
2824,Advertising and Marketing Management,19,5,1,0.0392,Low,Graduate
1651,Nursing,19,7,1,0.0381,Low,Graduate
4088,Nursing,25,7,1,0.038,Low,Graduate
3470,Nursing,19,7,1,0.0375,Low,Graduate
1830,Management,18,5,1,0.0375,Low,Graduate
722,Tourism,23,6,1,0.0371,Low,Graduate
1355,Social Service,20,5,1,0.0361,Low,Graduate
3175,Social Service,19,6,1,0.0355,Low,Graduate
279,Nursing,18,8,1,0.0315,Low,Graduate
2468,Agronomy,20,6,1,0.0313,Low,Graduate
3369,Nursing,19,7,1,0.0313,Low,Graduate
2552,Communication Design,20,6,1,0.031,Low,Graduate
1571,Social Service (evening attendance),45,7,1,0.0304,Low,Graduate
116,Nursing,20,7,1,0.0299,Low,Graduate
1634,Social Service (evening attendance),54,11,1,0.0295,Low,Graduate
2306,Communication Design,22,6,1,0.0272,Low,Graduate
4157,Nursing,18,7,1,0.0271,Low,Graduate
382,Nursing,20,8,1,0.0271,Low,Graduate
1036,Communication Design,18,6,1,0.0256,Low,Graduate
2261,Advertising and Marketing Management,19,6,1,0.0243,Low,Graduate
4285,Oral Hygiene,24,7,1,0.0236,Low,Graduate
258,Communication Design,18,6,1,0.0236,Low,Graduate
287,Communication Design,18,6,1,0.0236,Low,Graduate
4126,Nursing,24,7,1,0.0208,Low,Graduate
