Student_id,Marital_status,Application_mode,Course,Daytime_evening_attendance,Admission_grade,Previous_qualification_grade,Displaced,Debtor,Tuition_fees_up_to_date,Gender,Scholarship_holder,Age_at_enrollment,Curricular_units_1st_sem_enrolled,Curricular_units_1st_sem_evaluations,Curricular_units_1st_sem_approved,Curricular_units_1st_sem_grade,Curricular_units_2nd_sem_enrolled,Curricular_units_2nd_sem_evaluations,Curricular_units_2nd_sem_approved,Curricular_units_2nd_sem_grade
STD-3833,1,43,9070,1,108.0,100.0,1,0,1,1,0,34,12,12,7,11.428571428571429,12,12,7,11.857142857142858
STD-4312,1,1,9119,1,123.5,135.0,1,0,1,1,0,18,5,10,0,0.0,5,10,1,10.0
STD-0376,2,51,8014,0,104.0,133.1,0,1,1,0,0,42,11,14,10,11.9,11,14,10,12.8
STD-2916,6,39,8014,0,119.0,133.1,0,0,1,0,1,48,6,7,6,10.666666666666666,6,9,5,11.8
STD-0382,1,43,9500,1,100.0,170.0,0,0,1,0,0,20,7,8,6,13.25,8,8,8,13.75
STD-4172,1,1,9238,1,121.7,135.0,1,0,1,0,1,18,6,14,0,0.0,6,9,4,11.0
STD-2208,1,43,9147,1,130.8,130.0,0,0,1,1,0,22,5,5,0,0.0,5,9,3,13.333333333333334
STD-3784,1,1,9500,1,106.4,106.0,1,0,1,0,1,19,7,9,5,13.34,7,9,6,12.385714285714286
STD-3086,2,7,9147,1,110.0,110.0,0,0,1,0,0,33,8,10,6,12.833333333333334,5,8,4,12.0
STD-3462,4,43,9500,1,103.7,130.0,0,0,1,0,0,38,8,12,5,13.126,8,12,5,13.126
STD-0380,1,44,9085,1,140.0,140.0,1,0,1,0,0,21,6,16,5,12.666666666666666,6,15,2,13.5
STD-1634,1,43,8014,0,100.0,130.0,0,0,1,1,0,54,13,14,13,13.307692307692308,11,12,11,12.818181818181818
STD-3512,1,44,9130,1,140.0,140.0,0,0,1,1,0,20,6,12,5,12.4,6,11,2,15.0
STD-0383,1,1,9238,1,121.0,135.0,0,0,1,0,0,19,6,13,3,10.333333333333334,6,12,3,10.333333333333334
STD-1828,1,17,9085,1,118.4,125.0,1,0,1,0,0,21,5,13,3,11.333333333333334,5,12,2,10.5
STD-2248,1,43,9500,1,124.1,136.0,0,0,1,1,1,21,8,8,0,0.0,8,8,0,0.0
STD-1458,1,1,9500,1,114.3,122.0,1,0,1,1,0,18,7,8,6,13.976666666666668,8,12,6,12.041666666666666
STD-3470,1,1,9500,1,124.0,135.0,1,0,1,0,1,19,8,8,7,12.771428571428572,8,8,7,12.771428571428572
STD-4149,1,1,9147,1,120.2,117.0,1,0,1,0,0,20,5,9,2,10.0,5,10,2,11.0
STD-3887,1,1,9254,1,120.0,128.0,1,0,1,0,1,20,6,6,6,14.5,6,7,5,15.0
STD-2303,1,1,9147,1,118.8,130.0,0,1,1,1,1,22,5,8,5,10.666666666666666,5,11,2,11.0
STD-2922,1,39,8014,0,117.5,155.0,0,0,1,0,0,34,6,6,4,13.25,6,6,0,0.0
STD-3441,1,17,9556,1,119.0,133.0,0,0,1,0,0,19,7,10,6,11.15,7,7,7,12.814285714285717
STD-4025,1,15,9556,1,114.0,114.0,0,0,1,0,0,20,7,14,0,0.0,7,12,2,11.666666666666666
STD-3524,1,43,9670,1,113.2,117.0,0,0,1,1,0,21,5,11,2,10.0,5,10,3,10.333333333333334
